filename,width,height,class,xmin,ymin,xmax,ymax
R2_10011456_png.rf.874f86a22379cd840efe10d3a1f8a033.jpg,3008,3312,clock,753,677,2403,2624
R5_10011908_png.rf.832c944a04119cc6fb69d7eee20fed49.jpg,3424,4400,clock,1045,1368,2471,2599
R7_20006471_png.rf.8bd9201d35bf8c0d2d68b4845223f15a.jpg,3424,4400,clock,586,762,2819,2548
R2_10002842_png.rf.951c50ef9868ac3b146f5e9ac04d56c2.jpg,2848,3312,clock,465,300,2376,1957
R11_10008078_png.rf.92b8aef216ea9b5d513c900a21a60697.jpg,2550,3300,clock,397,538,2065,2195
R1_10003299_png.rf.96a7a907899fe310f1f625c4ef89a44a.jpg,2560,3312,clock,995,255,1455,675
R4_10007258_png.rf.95e83394b13fbbe72a53d576331e54b2.jpg,3424,4400,clock,437,685,3312,3222
R4_10009987_png.rf.8355eda432929be559bca031d7581c4e.jpg,3424,4400,clock,757,1208,2540,3201
R5_20004756_png.rf.89f48c80b02305375668daf974a76ff0.jpg,3424,4400,clock,1351,844,2339,1761
R10_20002373_png.rf.84ddf075c4bac7c4ee8cc2fcac77d488.jpg,2560,3312,clock,446,991,1562,2130
R1_10002395_png.rf.8b1ae5f98a34d19809199d8370758b1f.jpg,2560,3312,clock,434,474,1107,1190
R6_10004080_png.rf.898c7ccdb37cfde9fa36279bdeeb670e.jpg,2560,3312,clock,1054,849,2194,2104
R1_10003878_png.rf.8a73033ee0f54a3cb1eb32c70cd274ee.jpg,2560,3312,clock,216,200,674,617
R9_20000361_png.rf.8c38fac41a458a205901380a40c3d109.jpg,2592,3328,clock,263,578,2344,2609
R4_10006265_png.rf.90850c523c8404a67aaca385a6466701.jpg,3424,4400,clock,885,1224,2623,3267
R11_20004955_png.rf.8675769a29ac0f27c288770e90ca5107.jpg,2550,3300,clock,419,757,2092,2229
R6_20002318_png.rf.9014cc2e46079080273b80e3c39e20c9.jpg,3424,4400,clock,1276,1649,2419,2946
R4_10012259_png.rf.96f13a8f79df6ab2200419c0066c4b20.jpg,3424,4400,clock,851,1586,2326,3137
R12_30003762_png.rf.97009f91eed037851cde2fc0c11706df.jpg,2550,3300,clock,467,488,1552,1534
R5_20001823_png.rf.84f60020cdb79d359935956bb558ed21.jpg,3424,4400,clock,1526,233,2120,862
R1_10002297_png.rf.8dc1bdcff7fb6ff5ddba48915413bc98.jpg,2560,3312,clock,834,1135,1767,2053
R7_10000505_png.rf.903f6c2716da78fdf21f2f14db47cf47.jpg,3424,4400,clock,212,1060,2622,3351
R3_10001000_png.rf.877dc0e1d16dcd4beb27bf52e78642d3.jpg,2560,3312,clock,792,996,2221,2268
R11_20000466_png.rf.970ac6d971a63275de3c298e4c4b108e.jpg,2550,3300,clock,602,307,1882,1615
R4_10007698_png.rf.90b8bedbd43ca4662260937297f63008.jpg,3424,4400,clock,856,822,2795,2886
R6_20005457_png.rf.97d60a258c180a41c4827fe8a4dada06.jpg,3424,4400,clock,540,1077,2601,3088
R3_10004388_png.rf.9b9608715274e6cbbfce53e34165ab3e.jpg,2560,3312,clock,253,752,1835,2299
R4_10008232_png.rf.9b14e63999e0d4fcf03ca85b6520f6f5.jpg,3424,4400,clock,1097,935,2912,3305
R1_10001718_png.rf.a0394067b438483869fbb212f8360898.jpg,2560,3312,clock,451,542,1146,1188
R10_10009459_png.rf.a05d1c9486b15056c6778ebff796613f.jpg,2560,3312,clock,375,1028,2150,2503
R9_20003946_png.rf.9afadd3082afe24eb115f628db094203.jpg,2592,3328,clock,232,435,1678,1846
R4_10003225_png.rf.a6702e4c5ca70f142c51c7307b4a2255.jpg,3424,4400,clock,895,1394,2615,3021
R7_20005751_png.rf.9d8ffdc3b812f68e483fe676e41e59e7.jpg,3424,4400,clock,888,1583,2538,3281
R4_10000752_png.rf.9c4f389aec14f5e03ac7971fdaf9c8d6.jpg,3424,4400,clock,755,437,1867,1430
R8_10011785_png.rf.a5fc3a8d9969eac33c39a2d387c261b8.jpg,3424,4400,clock,457,956,2700,3153
R2_10006217_png.rf.a4154425c5df2524b6886acbe7328a0d.jpg,3008,3312,clock,611,1055,2132,2646
R4_10008226_png.rf.a6bd8e8d0eac89cf2e30a797abc60b2f.jpg,3424,4400,clock,793,1316,2381,2977
R5_10009142_png.rf.9b5aebad90eaa2e0e5b6c4864f99fd90.jpg,3424,4400,clock,606,566,3221,3138
R2_10011415_png.rf.a656a7e5d8d9e3f2f2202da551d8e12a.jpg,3008,3312,clock,784,410,2567,2804
R8_10009987_png.rf.9d24d67f73b2908ef295052cfaa3cbee.jpg,3424,4400,clock,769,562,2908,2697
R9_20004061_png.rf.a738650b29a0eeb226f438b292c59b9d.jpg,2560,3312,clock,535,331,1972,1725
R10_20003609_png.rf.a5b205b87a7ca94b81a7dcd0ef180afb.jpg,2560,3312,clock,628,534,2255,2271
R10_20002475_png.rf.a3e9ddc55320102f8dcd07a9a23bd005.jpg,2560,3312,clock,807,564,1646,1361
R12_10008924_png.rf.9fec4610fb48e80e60520dc780cafcd9.jpg,2550,3300,clock,449,570,1670,1816
R4_10006942_png.rf.a2c41b973fb77ba1316f4eb3a7f5afd5.jpg,3424,4400,clock,589,1227,2713,3317
R8_10011373_png.rf.990f147610510bb1a1d4b87e535dce17.jpg,3424,4400,clock,932,1521,2064,2911
R12_30000628_png.rf.a1d0d2768f584a139be0c3f958bd971b.jpg,2550,3300,clock,228,681,2105,2564
R5_20000867_png.rf.9d37e713cd147775265bfd755c57ec30.jpg,3424,4400,clock,897,666,2469,2266
R1_10012103_png.rf.a47808c8a0d0facc52dea8004bb21a07.jpg,2560,3312,clock,490,496,2405,2026
R9_20005023_png.rf.a39f36b06c80db045379cc85df494fad.jpg,2560,3312,clock,782,1245,1570,2061
R4_10001843_png.rf.b110d155550a3b08f4bb84ce14a1be09.jpg,3424,4400,clock,600,751,2583,3035
R2_10010791_png.rf.b62f6b267e11ce36965b1425aa633253.jpg,2848,3312,clock,1255,972,2079,1676
R2_10010791_png.rf.b62f6b267e11ce36965b1425aa633253.jpg,2848,3312,clock,262,270,1067,1013
R11_10005357_png.rf.af754e36a2181b8584643343bc71bffa.jpg,2550,3300,clock,478,393,2117,2400
R12_20000271_png.rf.b423a7a2f7090a5abbd4c56a129f2232.jpg,2550,3300,clock,371,729,1808,2374
R9_10002528_png.rf.a8092d1c9d448a2d4cfe081c3472e3bb.jpg,2560,3312,clock,379,721,2047,2490
R10_20003628_png.rf.afdaa043978b84a81f047900b116f922.jpg,2560,3312,clock,345,404,2299,2567
R5_20004102_png.rf.b2fd4669dbe822028373198e3f8a9e12.jpg,2560,3312,clock,714,627,1700,1467
R5_10007158_png.rf.b5fa0d4c8e8790903c02ede7dc7b2acf.jpg,3424,4400,clock,783,1214,2460,2794
R6_10010298_png.rf.b70c29c4b9a9eee6bbdcdd1588ed5308.jpg,3424,4400,clock,534,1016,2601,3154
R1_10000006_png.rf.b8ae4b5304cabd6cc349ae37288a9c25.jpg,2560,3312,clock,382,699,2122,2437
R12_30002718_png.rf.baa95b131773df97fb5a14f109fcb3a3.jpg,2550,3300,clock,372,651,2266,2624
R7_20001298_png.rf.a94fa6b60d54f4f47ffacea1c485cb22.jpg,3424,4400,clock,534,1253,2554,3558
R6_20003628_png.rf.b1da6e05d13bc251da56dccc0f01a89b.jpg,2560,3312,clock,448,687,1954,2335
R4_10012100_png.rf.b4da55b0c44f39419a71b8908e6a965b.jpg,3424,4400,clock,428,450,2745,3165
R4_10009317_png.rf.bb035a7196dd1820f28d4b9f23934c4d.jpg,3424,4400,clock,818,656,1807,1590
R2_10006672_png.rf.aad60c22458827aa78d50a6ee0ae66ea.jpg,3008,3312,clock,801,737,2162,2154
R6_10006661_png.rf.ba31ef705797206c39263b84d42e85c3.jpg,3424,4400,clock,872,1830,2095,2947
R6_10002933_png.rf.b27bb708c712f8f636fa14cfb2499510.jpg,2560,3312,clock,522,1087,1644,2074
R4_10007800_png.rf.b29d77e9cbe4059c9c5632cef12eebe8.jpg,3424,4400,clock,997,1708,2323,3127
R8_20003100_png.rf.b4cae811d3966bf7b122b5ac91d63101.jpg,2560,3312,clock,473,752,2543,2834
R10_20000373_png.rf.b66c18994b2c54f5a71ede0dc17b49d6.jpg,2560,3312,clock,531,792,1819,2242
R6_20002595_png.rf.a8e718606e3c104da3b550491fe4a63c.jpg,3424,4400,clock,732,490,2594,2289
R5_10005533_png.rf.ad185db3f5deeee6dda87edfb71dfd21.jpg,2560,3312,clock,626,1007,1747,2102
R5_10008911_png.rf.b73e4362ee47d4488c6addf9d689c901.jpg,2560,3312,clock,493,690,1969,2200
R1_10006245_png.rf.b82e0060f4aca56f8abab6dd9fe0dd57.jpg,2560,3312,clock,756,912,2286,2334
R2_10003749_png.rf.bb265d38414b781ee75d8407294b516a.jpg,2848,3312,clock,1111,1396,1988,2333
R12_30001541_png.rf.bb6f80cf17bbefc3ffd30496a842d298.jpg,2550,3300,clock,577,872,1893,2199
R2_10005192_png.rf.c007db94e427634c68acca88950deeda.jpg,3008,3312,clock,1144,887,2023,1693
R10_20004644_png.rf.bbbfae101b127bfb44216a0ef3fc06b2.jpg,2560,3312,clock,700,1075,2006,2282
R5_10003321_png.rf.c40d3b640abc043641dd79c03f0d16f0.jpg,2560,3312,clock,669,343,2413,1999
R6_20006280_png.rf.bcb4b487b2523b0153db40fa591ff37c.jpg,3424,4400,clock,538,908,2577,2852
R3_10008400_png.rf.c06895e09c2f348c2a7bcabaee243f08.jpg,2560,3312,clock,840,508,1859,1570
R4_10001369_png.rf.c0f7eee86a6e73b81f9ff4134dd23618.jpg,3424,4400,clock,772,845,2723,2588
R4_10001369_png.rf.c0f7eee86a6e73b81f9ff4134dd23618.jpg,3424,4400,clock,818,2606,1913,3759
R12_10002525_png.rf.c24b011896d2275f807e99255e0fbc92.jpg,2550,3300,clock,421,679,1829,2391
R9_10010766_png.rf.bfb905ba7c1b39e311eb2a854f373bb8.jpg,2560,3328,clock,556,881,1832,2141
R5_10008969_png.rf.bf01767b1fac34c9326e34aca91121fa.jpg,2560,3312,clock,342,780,1764,1989
R12_10007091_png.rf.bcfede44c2f140b41f93d439736c3b71.jpg,2550,3300,clock,223,593,2367,2746
R7_20000208_png.rf.c3b2de250b36884e545951ed1b52fb70.jpg,3424,4400,clock,783,1021,2886,3556
R1_10006361_png.rf.c27f4e2c9ce5a973dbd835a5a18bd5ac.jpg,2560,3312,clock,811,411,1888,1500
R6_20006340_png.rf.bbe2193e819c80d35c023de0c059b2db.jpg,3424,4400,clock,999,1753,1886,2721
R5_20006945_png.rf.c6ba2d5150a8e492e92118df4fa51dcf.jpg,3424,4400,clock,1735,1004,2922,2224
R1_10002440_png.rf.c470479016ebdea9b144fe2ea93d2565.jpg,2560,3312,clock,919,426,1242,783
R12_30000798_png.rf.c45d9ce40369245b7cc6430be4ce02c4.jpg,2550,3300,clock,546,1589,1192,2290
R1_10001099_png.rf.bf1d23b0903425156ca8f19d71a1b3ab.jpg,2560,3312,clock,881,1006,1742,1829
R5_20004717_png.rf.c1aa7cdfc13ce6b4e247bea375473101.jpg,3424,4400,clock,1300,1247,1911,1755
R3_10012303_png.rf.c114b1a1755672898ecdc9317ed56894.jpg,2560,3312,clock,559,526,1603,1423
R1_10003022_png.rf.c44fad6ff6748f67ec21006ec962fe10.jpg,2560,3312,clock,665,413,1318,971
R6_10007959_png.rf.c371b0f641ad170ffd69d00c16009f83.jpg,2560,3312,clock,172,787,2277,2835
R7_10007248_png.rf.bcb0f90a796be5e7800611c736b8e9ba.jpg,3424,4400,clock,1231,1628,3069,3113
R12_10009417_png.rf.c6c9665e977fc4242ec088687fde5203.jpg,2550,3300,clock,305,310,1953,1604
R7_10000401_png.rf.c3df34d0bdd0549cd24f15264630ddd9.jpg,3424,4400,clock,811,977,3009,3285
R5_20000001_png.rf.c72eb1e53687850c2cf0b66909d04ed3.jpg,3424,4400,clock,1503,1410,2699,2693
R3_10007135_png.rf.c73ce6cc646b40576d080387150fc7be.jpg,2560,3312,clock,277,712,1975,2571
R12_30000541_png.rf.c9a0025f4aeda43995460e89d33cdef6.jpg,2550,3300,clock,280,54,644,370
R10_10005488_png.rf.c8a44bdc1e15ae795066c2905ee46247.jpg,2560,3312,clock,522,373,1689,1558
R6_20001118_png.rf.d0c45c45c3e25a48f4565cc0dd1b8aaa.jpg,3424,4400,clock,884,1640,1947,2779
R12_30003710_png.rf.ca418dae27ac60e601fe0c725b788a88.jpg,2550,3300,clock,562,598,1680,1638
R3_10002431_png.rf.ccd87e4d705ef5808e4a5139ba58ec64.jpg,2560,3312,clock,833,528,1752,1359
R2_10000647_png.rf.cdcb754f2653d97430c311c5799eb6e7.jpg,2560,3312,clock,856,791,1883,1998
R3_10010873_png.rf.cdd7b4c0f4dc08cea49958318298d18b.jpg,2560,3312,clock,500,695,1830,2039
R7_20006489_png.rf.cd6824b591269d3d1d6106cccef47930.jpg,3424,4400,clock,997,856,2429,2098
R6_20001037_png.rf.c972e347d052c35f75d34aafbf22bfd8.jpg,2560,3312,clock,545,182,2361,2287
R3_10000070_png.rf.d156c3f910370a248af440003f3e1e81.jpg,2560,3312,clock,376,611,2123,2495
R2_10000347_png.rf.d2c953bd5c0621953d5e94046e9eb77b.jpg,2560,3312,clock,204,477,2266,2487
R11_10006248_png.rf.c9c928adaff8f2903201aee94d9b57aa.jpg,2550,3300,clock,965,1899,1708,2722
R11_10006248_png.rf.c9c928adaff8f2903201aee94d9b57aa.jpg,2550,3300,clock,705,1095,1296,1795
R3_10008787_png.rf.d33740a5b2d81d8f82fec8ef2531d80e.jpg,2560,3312,clock,726,933,1495,1756
R7_10006669_png.rf.c91622ff3f511cb59036b900378187cb.jpg,3424,4400,clock,674,796,2721,3164
R3_10003691_png.rf.cc61c0dfb030e1fef317f53ac17d2ecc.jpg,2560,3312,clock,653,1074,1812,2142
R11_10006265_png.rf.ce159692cfbff7bf97804439dcc9a024.jpg,2550,3300,clock,503,881,2029,2812
R2_10004807_png.rf.d24f3c39dd942a079380fee64c276b8f.jpg,3008,3312,clock,851,602,2254,2069
R1_10001744_png.rf.d3b41ff085a3968c77fdb106157c1ff3.jpg,2560,3312,clock,665,1165,1732,2146
R1_10009346_png.rf.d2cffe27d3188f092b69eeab3fa8855e.jpg,2560,3312,clock,834,701,1827,1497
R1_10002908_png.rf.d420c5b1e08de67dabe9de79c9b7a1a5.jpg,2560,3312,clock,964,1087,1229,1455
R1_10002908_png.rf.d420c5b1e08de67dabe9de79c9b7a1a5.jpg,2560,3312,clock,605,871,960,1202
R4_10000017_png.rf.ca42669f3b5e36a51167ab754cb172a9.jpg,3424,4400,clock,929,874,2897,2768
R2_10010597_png.rf.c8747204f6877c5df7d2c30533579ee7.jpg,2560,3312,clock,339,632,1948,2648
R6_20002966_png.rf.d0022c156907887b7b6c8062114745ee.jpg,2560,3312,clock,371,80,1139,970
R10_10002691_png.rf.d423b7628d749f3a015c0c7980362e0f.jpg,2560,3312,clock,523,406,2211,2250
R4_10003557_png.rf.d73aa538adc472557476eccd5ea11a59.jpg,3424,4400,clock,953,1363,2273,2439
R10_10008660_png.rf.d976d82b19e72253497b56cc75804453.jpg,2560,3312,clock,322,698,2449,2600
R8_20001317_png.rf.db4d9f766315fe0321a6055829a8f959.jpg,1696,2208,clock,244,535,1133,1358
R1_10000854_png.rf.d3c1d9b0f1cc361e52348c6edbcc0b27.jpg,2560,3312,clock,831,1189,1397,1934
R1_10003123_png.rf.da3976e03cbf4b07e7672fc2947402f2.jpg,2560,3312,clock,128,714,2412,2505
R12_30002586_png.rf.dad1b82b95cb6c186836ec7bcc3c185d.jpg,2550,3300,clock,697,482,1538,1232
R8_10005433_png.rf.de0b5953e98266f01cd50b20c6c1c497.jpg,3424,4400,clock,1099,1538,2859,3154
R1_10006248_png.rf.db718351459f5549e16ada27404a7591.jpg,2560,3312,clock,896,866,1740,1684
R3_10005065_png.rf.da992b8234780301dd66b67fc33de81d.jpg,2560,3312,clock,625,512,1937,1895
R7_20002152_png.rf.e153c45e35335e98a567a247111540b7.jpg,3424,4400,clock,338,370,1738,1721
R9_10002776_png.rf.d7a90e36b9f089f6b14626b3c9f3bef6.jpg,2592,3328,clock,652,784,1781,2042
R5_20000443_png.rf.ddcb319de1e837df86bf7299102718f8.jpg,3424,4400,clock,306,70,3372,3998
R9_10005839_png.rf.dba64b7117925c5c66a1f09e75c29446.jpg,2592,3328,clock,461,13,2452,2572
R4_10005265_png.rf.e38564da28ead2547b3efddde8a5d9f9.jpg,3424,4400,clock,447,1008,3095,3536
R7_20000565_png.rf.d244998e48ff10dd6aa3d6f75b87ec00.jpg,3424,4400,clock,638,797,2847,3001
R12_30002684_png.rf.e1aaabeb5692836854217627933c27ba.jpg,2550,3300,clock,929,612,1451,1032
R6_20005074_png.rf.dfd284ab98c3789aec916b7a7690c0cd.jpg,3424,4400,clock,549,1192,3078,3668
R7_20003407_png.rf.e38f7581a7ba05589b17864c5cf0208f.jpg,3424,4400,clock,599,1767,2223,3256

R1_10003578_png.rf.e60d5d9857cf74804ada717701728c90.jpg,2560,3312,clock,1361,333,2393,1459
R4_10009674_png.rf.e51ab0d9d1cd0075586f03953ffac293.jpg,3424,4400,clock,352,560,3040,3012
R2_10001967_png.rf.dda050c83e176018515e72f7d273a5c6.jpg,2848,3312,clock,1451,604,2441,1796
R1_10003454_png.rf.e014bc1676cea03b34269ae32e293aee.jpg,2560,3312,clock,268,194,959,846
R2_10006571_png.rf.e5eefff53143800d611365f6e26c6a7a.jpg,3008,3312,clock,802,315,1530,1167
R9_20000386_png.rf.e6f3ca7d242a6b901753212cab0ce08f.jpg,2560,3328,clock,1080,1477,1776,2157
R8_20005152_png.rf.e859dddad778b626917d6c247fc6fda0.jpg,3424,4400,clock,424,862,3116,3364
R5_20004582_png.rf.eb98e149965200c96d993bb4cd6b5b40.jpg,2560,3312,clock,526,659,1670,1733
R4_10005292_png.rf.eab23963c38fedb0904b9d707f2c8acb.jpg,3424,4400,clock,1108,1646,2391,2824
R8_10002505_png.rf.e90e67efeb28ee03fad7f6c962512450.jpg,3424,4400,clock,543,1067,2975,3416
R1_10012227_png.rf.e83c0cd3d1502191e82eff7cdd54444e.jpg,2560,3312,clock,288,815,1794,2569
R7_10007447_png.rf.e0b8b1bfca1d3cba1fb062a3c9140c21.jpg,3424,4400,clock,226,1003,2878,3659
R3_10007841_png.rf.efc42193828380fbfe8db6c7b39f8de5.jpg,2560,3312,clock,755,949,1994,2376
R7_10008604_png.rf.efd49ca4e471f8f2ba00566729aaa01a.jpg,3424,4400,clock,1085,845,2563,2269
R12_30000755_png.rf.eca7dccf8e0949f60ab014983b10c7ac.jpg,2550,3300,clock,808,1900,1777,2905
R2_10006170_png.rf.f11bbe01ccc838d3b7df9a6615ca7a00.jpg,3008,3312,clock,833,72,1797,916
R9_10010920_png.rf.f0cd570dcab85816f80ef293c685af13.jpg,2560,3312,clock,619,663,1985,2039
R6_10001110_png.rf.ef3708053a2af3e5844e090153024eb0.jpg,3424,4400,clock,538,1228,1405,2202
R1_10000420_png.rf.f1aea2e5d8ec4c0645e4fc3c2910885a.jpg,2560,3312,clock,592,1562,1672,2622
R7_10005400_png.rf.e9917b82ad2902d9dff89c9f2380c219.jpg,3424,4400,clock,411,1338,2802,3486
R10_10000314_png.rf.ef2349cfed96626edc1ee05686a68c06.jpg,2560,3312,clock,393,497,2196,2479
R6_20003750_png.rf.ecd97e917ec06788d692a54cc74adfde.jpg,2560,3312,clock,793,1136,1785,2136
R4_10004107_png.rf.f59eb667fff1196a3237de869566f859.jpg,3424,4400,clock,176,854,3180,3608
R12_30000858_png.rf.f3db4ff4260b08ae79a6bb99a8a673a2.jpg,2550,3300,clock,138,275,2390,2430
R6_10000455_png.rf.f5a6ccfb4ab892b993bbcc2fde6f93f1.jpg,3424,4400,clock,761,1115,2670,3086
R1_10005731_png.rf.eb3f5fddffa4dcf511dddeee50be2c86.jpg,2560,3312,clock,521,453,1907,1588
R8_20000880_png.rf.f454124d10956e4d4330221f992fa80d.jpg,3424,4400,clock,810,787,2758,2785
R3_10003405_png.rf.f636ee3f97aa3fac03656111d68fcf8c.jpg,2560,3312,clock,480,590,1920,1963
R12_30001899_png.rf.f6e6879a9dee187d3b1db9437fe0077c.jpg,2550,3300,clock,865,980,2035,2220
R6_20002586_png.rf.ee459fdb3e641c017290548f3129823f.jpg,3424,4400,clock,1173,1595,2802,3134
R7_10000900_png.rf.eb780f3c2c534fad52758227c430706c.jpg,3424,4400,clock,2231,388,2649,824
R12_30002597_png.rf.efe72d983d5204c5977728cf8c36a661.jpg,2550,3300,clock,627,1219,1763,2166
R7_10003515_png.rf.ec9efe8f2a0cdf080fe8d82d17a64428.jpg,3424,4400,clock,953,1059,2666,2731
R6_10009711_png.rf.f6efc4a963343a676d51bf827f9e094e.jpg,2560,3312,clock,572,897,2069,2133
R2_10006357_png.rf.f9fb435425f9a3ce3138016ec4ce510b.jpg,2848,3312,clock,634,684,2153,2215
R8_10000485_png.rf.f84e0bb48c3f87aa17b5b3d32e132ccd.jpg,3424,4400,clock,238,793,2942,3487
R3_10001280_png.rf.fe7a6cc76413de563f66ef7bfa10b197.jpg,2560,3312,clock,434,528,805,947
R7_20005577_png.rf.f77657577c30fc3582212a96236ffc83.jpg,3424,4400,clock,754,764,2913,3281
R12_10012085_png.rf.fcab57deb155339a2a6eab5a1c719724.jpg,2550,3300,clock,638,698,1809,1861
R4_10003050_png.rf.fcf99feba9e233a5eabe6cd23b60ce50.jpg,3424,4400,clock,962,886,2697,2767
R12_30001294_png.rf.ff066273a8fac09b49a518e10fa0496b.jpg,2550,3300,clock,518,575,1540,1427
R1_10000293_png.rf.fc838c5a2fe099a688c1ded24bb34457.jpg,2560,3312,clock,796,884,1955,2135
R7_10000663_png.rf.fae86c45cedd7a3ddd38b53ad0961e7d.jpg,3424,4400,clock,288,720,3049,3646
R5_20004891_png.rf.fa149742dec6ff3644d69f8f947f457d.jpg,3424,4400,clock,564,512,3416,3961
R9_20001025_png.rf.fe4c575424926116e42ccdf3d090e405.jpg,2592,3344,clock,648,1326,1310,1968
R5_20001160_png.rf.0644538882a8b510c9da77c809f04ae8.jpg,3424,4400,clock,1213,653,2651,2342
R1_10008821_png.rf.054698a0932401b775eec12b81b8cc1c.jpg,2560,3312,clock,696,346,1805,1445
R7_10007601_png.rf.029d1cc0440b65f44e8c6caf160df8c2.jpg,3424,4400,clock,1082,1058,2664,2758
R7_20002162_png.rf.05690f472dd38e2229a4605ff61d886c.jpg,3424,4400,clock,722,993,2809,3658
R5_20001671_png.rf.08c318a31ce784ebb53ce6211138d46b.jpg,3424,4400,clock,486,831,1599,1771
R7_20006156_png.rf.09b5c2b6e59803b064b2c8e52c52fa90.jpg,3424,4400,clock,866,822,2206,2012
R5_20000667_png.rf.0ed09a6d633c428cbd442ef56e4cd333.jpg,3424,4400,clock,1532,2412,2637,3507
R2_10003624_png.rf.09c881e2a3fd38aa4c224adf65f2883a.jpg,3008,3312,clock,1146,240,1516,588
R2_10006616_png.rf.0598d35723d379e68386a85d24d4bd9f.jpg,3008,3312,clock,968,0,1640,719
R2_10006616_png.rf.0598d35723d379e68386a85d24d4bd9f.jpg,3008,3312,clock,904,835,1592,1497
R12_30001338_png.rf.07d643c2822735d27d798ac1da47406d.jpg,2550,3300,clock,727,410,1243,925
R9_20005505_png.rf.0a20212461b65fe6e952075e95c1028e.jpg,2560,3344,clock,343,535,2298,2550
R4_10011238_png.rf.0499e934164bf953a58187b22863273a.jpg,3424,4400,clock,477,722,2893,3232
R8_10005911_png.rf.09ecaa3ffcbe16dbbecb535c9642b190.jpg,3424,4400,clock,350,1193,2791,3760
R5_10004428_png.rf.09a4cefbea765bb7d1b3060f21a14e16.jpg,3424,4400,clock,956,802,3076,2878
R9_10000375_png.rf.0ca0fca2702b9c3912d902924c7ef017.jpg,2560,3328,clock,639,607,2227,2368
R5_20001783_png.rf.0d284f665e23e39812ffba917daabe67.jpg,3424,4400,clock,1899,491,3152,1710
R1_10003751_png.rf.0e2f62a2d13ea8a633c55344b09bbb55.jpg,2560,3312,clock,914,975,2013,2036
R5_20005078_png.rf.0c0de1626ceef180c37ad69a1abd0d36.jpg,3424,4400,clock,571,184,1386,937
R1_10009706_png.rf.0d763c43cd9bdd3b67ecd8be93ae55a1.jpg,2560,3312,clock,947,977,1611,1684
R4_10000279_png.rf.0ccfbd51283d9140489940c6d730bf37.jpg,3424,4400,clock,1269,635,2750,2125
R11_10001276_png.rf.0f8c53ef69c144ea083e4e14405b8029.jpg,2550,3300,clock,189,632,2283,2725
R1_10001945_png.rf.0fccc08c39caff2d5b087aa93a1093f5.jpg,2560,3312,clock,689,1695,1591,2647
R10_10000789_png.rf.13750528680580cbd5a03e007a31e7b5.jpg,2560,3312,clock,136,177,2305,2313
R4_10001378_png.rf.13463477b7798890d4fa0910f15c9386.jpg,3424,4400,clock,1192,1446,1699,2100
R3_10005416_png.rf.124db9ff17c9521fa29fb9ff96713488.jpg,2560,3312,clock,476,219,1085,923
R6_10006053_png.rf.12040b3280bfabe234c3f1dc81b8d176.jpg,2560,3312,clock,467,907,1930,2396
R12_20003971_png.rf.1933660115ed9f501e948feb80162f32.jpg,2550,3300,clock,436,774,2260,2595
R1_10000371_png.rf.1709075a7c2282e9010d7acc6b65d391.jpg,2560,3312,clock,1015,746,1980,1662
R3_10006003_png.rf.1719c83e15756b790032eb167c4ac953.jpg,2560,3312,clock,340,2139,927,2826
R11_20002791_png.rf.1be6b216dea3eb9804f770da548b1b9e.jpg,2550,3300,clock,287,201,2346,2772
R2_10003239_png.rf.1209ef96d4d6e34cfea519ab04fa7878.jpg,3008,3312,clock,859,594,2227,1567
R6_10005830_png.rf.162f809733e2d0240ba68a0cc7814d4f.jpg,3424,4400,clock,560,883,2718,3405
R5_20005506_png.rf.1d700cb232d11a11cf3d24a101ad3eab.jpg,3424,4400,clock,858,1315,2207,2822
R7_10006490_png.rf.1e8cfabac74482f8a1cf8df4bf0a499d.jpg,3424,4400,clock,543,739,3139,3648
R12_20005918_png.rf.1d4ee70170f612eeb31d582635e60c18.jpg,2550,3300,clock,222,443,2355,2749
R7_20003433_png.rf.18601e2b8cf00a009136148f58099f40.jpg,3424,4400,clock,582,649,2675,3453
R2_10007356_png.rf.20331770a4d12acdf2f5fa74151dac05.jpg,2560,3312,clock,616,1146,1869,2390
R5_20002170_png.rf.1b0d63ea9259c674ae4c1e4c79a57f55.jpg,3424,4400,clock,1196,1255,2834,2899
R3_10007816_png.rf.11e5e699a91eb73f55c13e07a450c3b2.jpg,2560,3312,clock,492,644,2089,2330
R5_10005509_png.rf.13a4e5e763068a8f0fa2bc0ecee8b217.jpg,3424,4400,clock,577,1226,2584,3235
R3_10010913_png.rf.1b9a3d899da49b97fc2a4cb6419d0531.jpg,2560,3312,clock,540,898,2113,2718
R5_10000708_png.rf.19c8a61ba11d180319e4a0c0b5d90242.jpg,2560,3312,clock,358,323,2199,1663
R12_10001015_png.rf.1ee8b923009abbb9e7c76b32ef43dd31.jpg,2550,3300,clock,363,630,2020,2433
R2_10001623_png.rf.1d38d1eaafbff2d4e05a3509d837dfab.jpg,3008,3312,clock,831,646,2432,2192
R12_10011954_png.rf.113d5be672bf48adb05cd1b08577aad2.jpg,2550,3300,clock,581,409,2069,1789
R7_20005868_png.rf.15812251a1f0ce3c7b20f6242e58ba77.jpg,3424,4400,clock,1029,869,2394,2056
R6_10010331_png.rf.21ec53eed57ed55d8bcf64d4fef70cf4.jpg,3424,4400,clock,652,628,2730,2620
R3_10001704_png.rf.27df27a375d7c4043d826079f7d0ec67.jpg,2560,3312,clock,536,158,1105,669
R6_20001667_png.rf.262612addb8a9fec46c36666b7b1fcd0.jpg,3424,4400,clock,940,500,1977,1389
R3_10010809_png.rf.231550eeebd17bf3d346cff45fcc7ea6.jpg,2560,3312,clock,371,1237,1415,2481
R9_20003679_png.rf.2c0f6132cfa4a3a18facc48bb308512f.jpg,2560,3328,clock,474,333,2126,1954
R4_10005839_png.rf.2f83b49481b470f3376dd038e61fa4ba.jpg,3424,4400,clock,837,1301,2453,2775
R8_20005704_png.rf.2ef78fe7fc904b88cfcc0c86cc6bf878.jpg,1696,2208,clock,373,361,1398,1351
R12_30003277_png.rf.2c380a2ad985b43961359de0008a39fc.jpg,2550,3300,clock,719,614,2285,2265
R10_20005301_png.rf.2d48aa09843e78ed079402e7b7e7e01d.jpg,2560,3312,clock,663,872,1727,1908
R5_20005013_png.rf.2968d2118d5f7f921e99c4752fe68d13.jpg,2560,3312,clock,667,731,2081,1970
R6_10012223_png.rf.23bf2cf04ab1186a56d308fc8467cc02.jpg,2560,3312,clock,375,605,2214,2575
R6_20001126_png.rf.2be9d930e28e3e061562531d77bbc8b3.jpg,3424,4400,clock,534,1567,1948,3222
R9_10008928_png.rf.2aaefbad32e087b5b885647f3b17f27d.jpg,2592,3312,clock,646,849,2081,2433
R5_10003859_png.rf.307ea4c459fc40404a9b4bfbac3e5e56.jpg,3424,4400,clock,710,1045,1755,1926
R11_20002825_png.rf.29661cf1736c8cb6d68b08422f23a2fc.jpg,2550,3300,clock,267,458,2158,2380
R3_10002866_png.rf.2cab75d2695d417058266b6ddb9430a2.jpg,2560,3312,clock,711,180,1620,980
R1_10008339_png.rf.2efcf1c25a52031b5fe29b002c902722.jpg,2560,3312,clock,750,1094,2027,2360
R5_20000891_png.rf.2407e68715f0c04c74690e824f26b70f.jpg,3424,4400,clock,1001,1141,2516,2740
R12_10004850_png.rf.20df10663ee088689b826be75f2e440c.jpg,2550,3300,clock,468,645,2297,2272
R2_10007589_png.rf.28980953754ee8c21256bcf172632cba.jpg,3008,3312,clock,946,634,2400,2068
R7_10003085_png.rf.31ef2a433f91ff41c181902dab545ccd.jpg,3424,4400,clock,2472,317,3360,1291
R6_20005668_png.rf.2fda358f111628176feafe8e983e4547.jpg,3424,4400,clock,945,1167,2503,2847
R6_10005987_png.rf.2dd95a1c0eebab38eb940dd27c37f392.jpg,3424,4400,clock,1009,873,2613,2518
R3_10008378_png.rf.342fbebc0c4dd4f99504fbb0f1e70a46.jpg,2560,3312,clock,910,514,1713,1315
R2_10006722_png.rf.324af7bd881d61459a483f5aa44d73e6.jpg,3008,3312,clock,880,925,2225,2308
R11_20003491_png.rf.33c7f4a04c76636bbef8e447f7cd78d2.jpg,2550,3300,clock,260,478,2373,2332
R7_10007345_png.rf.345a2f0ff0c0a926757c04ecc924b293.jpg,3424,4400,clock,420,660,3013,3418
R10_10010271_png.rf.370d6a06f224c90100fb02ded6c1f83b.jpg,2560,3312,clock,663,680,2337,2469
R1_10000473_png.rf.384e066fb7302efe4b41a602e3facbf5.jpg,3424,4400,clock,1270,470,2427,1593
R1_10008714_png.rf.3ff3e288443745ac04bdb0ad9f36fd89.jpg,2560,3312,clock,723,475,1815,1434
R6_20001155_png.rf.34f086ca9e10a327ca4a339bc21460bc.jpg,3424,4400,clock,721,1188,2926,3445
R6_10000010_png.rf.3f92e29cbc1f4df4b9ff2c700166988e.jpg,3424,4400,clock,1026,1102,2648,2496
R9_20007114_png.rf.3822daba53e4a16bea64d625fe953863.jpg,2560,3312,clock,345,758,1971,2270
R4_10010802_png.rf.360d511d6270f84d2e1b5e9f3ae0fcc7.jpg,3424,4400,clock,1442,1739,2819,3094
R5_20000133_png.rf.3c63da974bc61cf2d9cdb09bd789c802.jpg,3424,4400,clock,436,269,1399,785
R12_10007451_png.rf.35febb2f65f9fabbb5e0b9f35559e847.jpg,2550,3300,clock,416,797,1834,2273
R5_20000977_png.rf.371bcb75b48d5aec635376b57a95175c.jpg,2560,3312,clock,660,877,2008,2247
R6_20001642_png.rf.3b17ecd02542f08f4572454679e5ad72.jpg,3424,4400,clock,865,1099,2393,2593
R12_30003249_png.rf.3d53e3a0042cd8bafa0137b792031bf7.jpg,2550,3300,clock,434,568,1248,1372
R9_10004464_png.rf.416749061190f3ae74392220b7865a0c.jpg,2592,3312,clock,486,526,2298,2589
R1_10003096_png.rf.37b05891685630a81ea35c71e64f38c7.jpg,2560,3312,clock,114,442,2535,3010
R9_10004708_png.rf.3e98e30d97518c8e12af6039e59aa86a.jpg,2592,3328,clock,198,602,2199,2808
R5_20004317_png.rf.35e1f52b011f11488f57a1b0352f5532.jpg,2560,3312,clock,676,947,1806,2102
R9_10003465_png.rf.4211171131b4fa7a07ec0a2b74b9e3e9.jpg,2592,3344,clock,713,771,1714,1691
R7_20000255_png.rf.3c3f0a079eedacbcbb3b1536c884185f.jpg,3424,4400,clock,426,588,2738,2964
R10_10000413_png.rf.3f9d7dae3794284122ee20e3a70f5363.jpg,2560,3312,clock,577,724,2250,2615
R10_10003271_png.rf.353a1675a6744f0d5f0d537ef2d59e3c.jpg,2560,3312,clock,463,941,1867,2379
R7_10002855_png.rf.37df7f1eebf384e4a3a33a94e4fe6683.jpg,3424,4400,clock,326,1176,2614,3456
R9_20005808_png.rf.3e68ee87df92625ae9f2118770611b06.jpg,2560,3312,clock,778,889,2219,2384
R6_20000988_png.rf.426a81f4ff6f335265ba6bcaaeb16b27.jpg,2560,3312,clock,566,559,2164,2179
R7_10001514_png.rf.4200d4b0217045e7a568b4f8057eaf41.jpg,3424,4400,clock,622,669,2946,3006
R7_20002842_png.rf.4305e0dcff92d1cd0491055cc863d9a7.jpg,3424,4400,clock,391,1087,984,1775
R2_10005940_png.rf.43515ba38f36ab14fd69e3efea218218.jpg,3008,3312,clock,877,915,1992,2110
R3_10011839_png.rf.34ecfcfc2bc38fa95037847d1d73cf97.jpg,2560,3312,clock,728,1192,1640,2030
R12_30001432_png.rf.46d58e168467956cc832a9de9db32a26.jpg,2550,3300,clock,845,1101,1800,2193
R9_10005395_png.rf.4d330ee55143c1f5077a2576513f2bd7.jpg,2560,3328,clock,628,570,1793,1846
R11_10009757_png.rf.4a826743fff37014b42fc31afc547de1.jpg,2550,3300,clock,493,866,2140,2585
R6_10005070_png.rf.4b019fc40f29421fdec2bd9f79b2a821.jpg,2560,3312,clock,195,369,2142,2889
R4_10007496_png.rf.4888235c318daab2311517919f01d8c5.jpg,3424,4400,clock,441,406,2842,2828
R10_20004773_png.rf.4d83c4d8340f794a70b87754ff82e4c2.jpg,2560,3312,clock,422,588,1936,2364
R5_10007601_png.rf.51d8f1ca6b7e8da7cb42ff80a906820e.jpg,2560,3312,clock,763,771,2116,2036
R1_10002596_png.rf.4cac9b4340a6d32ba02c3ccae9019566.jpg,2560,3312,clock,899,702,1283,1152
R5_20006056_png.rf.4f97e687df5cc8cabacc589aabb2d813.jpg,3424,4400,clock,318,291,1096,1074
R5_20006942_png.rf.4ff5eb57e2fc2d3fd3feda14003cdd3a.jpg,3424,4400,clock,1729,1273,2527,2084
R5_10010986_png.rf.4460078762710a7f719b431e13e58bd2.jpg,3424,4400,clock,407,576,2943,3397
R2_10006613_png.rf.5472386d78a7bdf4159e4e768726fa7a.jpg,3008,3312,clock,878,1032,1787,2008
R8_10010436_png.rf.52df66c21adb7cab17c3375007d60403.jpg,3424,4400,clock,811,1062,2220,2943
R5_20004201_png.rf.4d45c3b6f37e3b72c68d72ee4afd9b74.jpg,3424,4400,clock,546,778,3033,3482
R5_10008617_png.rf.4cf802b35bb9a02dcd88cfcdd2f39265.jpg,2560,3312,clock,626,728,2135,2245
R2_10009970_png.rf.4ee3b7ca2aaa6b1e2e25360d9e13a962.jpg,2560,3312,clock,552,952,2040,2648
R2_10006671_png.rf.558164d4016af849a547c40c772b01f1.jpg,3008,3312,clock,615,55,2213,1508
R12_30002427_png.rf.529d222178715ddf037e8550cf8fc1e1.jpg,2550,3300,clock,829,495,1764,1567
R12_30000848_png.rf.505e17ba4594964df22816bec20bceaf.jpg,2550,3300,clock,554,672,1766,2072
R7_20007077_png.rf.4a6ae0e2415127587d52f1ee626080b7.jpg,3424,4400,clock,915,1745,2051,2855
R11_10005044_png.rf.4e95cd7e591d7ebe2bd3fbbe1e4668d0.jpg,2550,3300,clock,443,506,2393,2697
R2_10006316_png.rf.5684cf20c0b5d9f5feae4aabdc5c6bb3.jpg,3008,3312,clock,840,779,2092,2138
R9_20002262_png.rf.567bafe2a20ffd5ba9fa698bd5c9fe26.jpg,2592,3312,clock,548,621,1763,1886
R7_20005060_png.rf.5452dadf4eb8ddef250885c7b6127521.jpg,3424,4400,clock,597,980,2833,3161
R7_20002884_png.rf.4ab21928b35dbeddd86ab78944bb1e60.jpg,3424,4400,clock,584,703,2805,3319
R2_10005393_png.rf.57c9e9c5818ccac9d19951a7fcd038c5.jpg,2848,3312,clock,1015,1109,1599,1650
R9_10011515_png.rf.59da998a656fe766ce505b5d12021f91.jpg,2560,3312,clock,338,960,1993,2604
R2_10006361_png.rf.5e57aa7b08debb9ac12ee9bd494b640b.jpg,3008,3312,clock,1022,104,1473,541
R7_10009589_png.rf.5ba7066a3307481f93b4f405c2074110.jpg,3424,4400,clock,474,811,2881,3456
R12_30000467_png.rf.5db4b82aff62ae26f013b7e9bd0d9c35.jpg,2550,3300,clock,294,1088,2052,2624
R11_10008857_png.rf.5ab4c5f380e9cfbc8342c31292ef8da8.jpg,2550,3300,clock,580,815,1827,2174
R6_10001645_png.rf.61dba1789fd93a9c5468c6b1804ce3cb.jpg,2560,3312,clock,545,628,1934,1933
R6_10008574_png.rf.6070d374f8185ad5d4b06ac64622821b.jpg,3424,4400,clock,826,1311,2428,3211
R7_10004486_png.rf.56dd8c644749fa88464388e7059cf016.jpg,3424,4400,clock,821,1164,2456,3127
R1_10008612_png.rf.6029a27e3f0fea5e3a73ebffd8ad03a6.jpg,2560,3312,clock,465,834,1768,2126
R12_20002803_png.rf.5ad2628c72c7347f718c13938e3453ca.jpg,2550,3300,clock,550,839,1764,2032
R12_10003913_png.rf.62e795d5828c84a9d1e84344ccc08c88.jpg,2550,3300,clock,546,989,2117,2887
R2_10012098_png.rf.64db3bed5857f9d74b6df780acfd9671.jpg,3008,3312,clock,670,195,1063,636
R6_10011267_png.rf.5ad36f10c03b9bc12f38d7555a4f23ba.jpg,3424,4400,clock,1285,1260,2620,2541
R9_10002492_png.rf.61f0019627908320e4bed592ae91d6d7.jpg,2560,3312,clock,628,731,2140,2189
R5_10011315_png.rf.60de994c6de49c7753f56fa351d12830.jpg,2560,3312,clock,482,653,1995,2316
R12_30001056_png.rf.61127add1787f78ca81ea8f24dd3b449.jpg,2550,3300,clock,399,156,1306,1005
R1_10004825_png.rf.5c028b9d88dd6b56912d38cbf0f65152.jpg,2560,3312,clock,239,252,778,777
R9_20005142_png.rf.65a72eb00fbf6d81e025b708a225f69e.jpg,2592,3328,clock,410,717,2053,2457
R8_20006169_png.rf.5faf3a01703cd57ca9beeb33d9a06474.jpg,1696,2208,clock,589,721,1495,1612
R6_10009134_png.rf.5fac038b6a0683000b370df28f9c72ec.jpg,2560,3312,clock,670,638,2412,2559
R7_10002734_png.rf.61e97f48af446ae39b8b734564a17600.jpg,3424,4400,clock,1214,1249,2188,2397
R3_10006110_png.rf.61a17f325ce270c35bf94083161c9b9b.jpg,2560,3312,clock,635,863,1908,2006
R3_10009414_png.rf.6af0e5c6a3c2ca6211e69dced54f78e3.jpg,2560,3312,clock,602,489,2045,1770
R8_20000448_png.rf.58fdf43f45c1b96f0013919e74b71630.jpg,3424,4400,clock,499,603,3022,3043
R10_10010865_png.rf.68aa0f7df3792e6b1f2fdf0c2b80a06b.jpg,2560,3312,clock,148,781,2234,2570
R2_10000205_png.rf.6a74e65e04f067e51e111ce51ee07ae9.jpg,2848,3312,clock,599,129,2134,1698
R3_10001612_png.rf.6aed73ad02f53ab8a91c95dbdded0737.jpg,2560,3312,clock,529,757,2225,2408
R8_20007016_png.rf.6b8299434d0df616df8ee3ad727448a8.jpg,2560,3312,clock,509,1111,2025,2598
R7_20001901_png.rf.6057b35622eb3b6639d83c1cf6a2d7a6.jpg,3424,4400,clock,620,788,3134,3200
R9_10008682_png.rf.6f8926e23814bea4485a2b5fd0aab6c3.jpg,2624,3344,clock,1533,1864,1971,2242
R2_10001338_png.rf.70c205a05295e1a3c98ad86f7120c55e.jpg,2848,3312,clock,849,942,2065,2175
R5_10008498_png.rf.71c0fba04f591a31aae3df3d861b2c2f.jpg,3424,4400,clock,906,1079,2894,3441
R5_20006231_png.rf.6eca1641ba6eeabdad158d6d762f260d.jpg,2560,3312,clock,358,266,699,664
R3_10007716_png.rf.6bb1d2fe7148942be9ebfc810ef407dd.jpg,2560,3312,clock,669,1152,1729,2184
R1_10001342_png.rf.72ac80043ad5c4eb4c18fbf3f8422b41.jpg,2560,3312,clock,691,1337,1361,2004
R1_10006902_png.rf.7354f678bf4c850d2fb62f6623a60278.jpg,2560,3312,clock,709,355,1362,888
R2_10000504_png.rf.5545bfc66fae84555a019e3452e3539b.jpg,3008,3312,clock,762,643,2541,2405
R12_30002602_png.rf.72c4b63a8bc565b03f2a75d1df8ed312.jpg,2550,3300,clock,498,720,2120,2252
R5_10003079_png.rf.77d8d434f003d4db210970b1e8cb31fb.jpg,2560,3312,clock,454,701,2173,2501
R8_10001253_png.rf.6eef62b4117caffd23620f9267872e5a.jpg,1696,2208,clock,440,568,1079,1523
R12_30002661_png.rf.79d87b0a33b70ce888c18b62c49fc1bd.jpg,2550,3300,clock,265,350,2296,2899
R5_10002043_png.rf.77fd4bebebe3d0b6f878ef67ab8abe44.jpg,3424,4400,clock,75,1996,1276,3294
R3_10010712_png.rf.766eca7f2ff473b4e163838f7024a665.jpg,2560,3312,clock,669,808,2188,2218
R2_10008218_png.rf.796f0b2472b570bc6255b570ca75061b.jpg,3008,3312,clock,787,942,2077,2433
R3_10002209_png.rf.77a9c743cdc741c725c7563a82efd34d.jpg,2560,3312,clock,536,982,1967,2689
R5_20002667_png.rf.7a32b3a19d196b7321ab29d58d91ffb3.jpg,3424,4400,clock,730,638,1601,1409
R5_10008570_png.rf.7293d92e01ad54657369a74b36128e0b.jpg,3424,4400,clock,1223,1784,2392,3228
R1_10001905_png.rf.76e9ec0b52c5e2fd7daaef1a42dcd4d4.jpg,2560,3312,clock,798,779,2142,2343
R11_20000741_png.rf.730aa5c72aa7f02c4d25b272aadeacc8.jpg,2550,3300,clock,226,572,2212,2517
R7_20002880_png.rf.781c24287a40b3e75abb29645175abc0.jpg,3424,4400,clock,530,663,2815,3177
R1_10001209_png.rf.7dd4f65c8a9b1f38a58022bee0bb12d3.jpg,2560,3312,clock,619,885,2171,2365
R1_10003769_png.rf.7b4060b659a902ee42ef6b75c934f00d.jpg,2560,3312,clock,977,365,1409,725
R2_10003029_png.rf.79b1c9ee83c7f9230fabfc9f3b83e6c9.jpg,3008,3312,clock,785,790,2052,2117
R6_10002688_png.rf.7b9e0345449fe68e57d893ba5e12f5c3.jpg,3424,4400,clock,1065,381,2452,1622
R12_20002277_png.rf.792b03f413ebdf1a0e100d29bd3777d1.jpg,2550,3300,clock,404,713,2195,2520
R5_20004009_png.rf.70fb480fc3803437dae49f6ff624bc80.jpg,3424,4400,clock,484,727,2495,2916
R6_10003699_png.rf.7e2c205aadb59dbb1a7d0cf8fd4c5823.jpg,3424,4400,clock,1011,510,2048,1478
R1_10003862_png.rf.807c431b07abffa9e9ed8cdc177de1e1.jpg,2560,3312,clock,547,1551,1258,2327
R2_10008543_png.rf.737e4481452b91c9b6928f6dd0220eb0.jpg,1728,2208,clock,1167,169,1566,615
R3_10001090_png.rf.7ec26ef8a97cadb2ba788e9ee03684f0.jpg,2560,3312,clock,889,384,1943,1476
R5_20005789_png.rf.7ac0d42c407ab400500bc449fca7a577.jpg,2560,3312,clock,756,744,1796,1696
R10_10003818_png.rf.7f4f232ae45c3e0a87531a3a03fdc6ce.jpg,2560,3312,clock,306,601,2047,2243
R7_10002676_png.rf.8279337f51b8c4ce7ee9617563ebbe6b.jpg,3424,4400,clock,941,1610,2122,2793
R2_10010379_png.rf.81eb8236220ad69ceffc0533647c6587.jpg,3008,3312,clock,915,251,1956,1361
R6_10005271_png.rf.81ded275258767f4cd727f6b123c1189.jpg,3424,4400,clock,1186,1271,2763,3000
R6_20002455_png.rf.77c1994aefcff1d6ebfd83179c207f96.jpg,3424,4400,clock,572,542,2616,2823
R8_20000189_png.rf.831d622c50981c73830c256642f57a66.jpg,3424,4400,clock,629,1404,2523,3039
R4_10010598_png.rf.82a8ce1b04be0e2fc7d1c5d5f8316fd6.jpg,3424,4400,clock,369,812,3117,3518
R12_20006900_png.rf.8197749f1a7d1e5685a26b5157f5872b.jpg,2550,3300,clock,384,714,2139,2582